{"root":[{"assemblyName":"Cinemachine","nameSpace":"Cinemachine","className":"CinemachineStoryboard","methodName":"InitializeModule","loadTypes":0,"isUnityClass":false},{"assemblyName":"Cinemachine","nameSpace":"Cinemachine","className":"CinemachineCore","methodName":"InitializeModule","loadTypes":0,"isUnityClass":false},{"assemblyName":"Cinemachine","nameSpace":"Cinemachine","className":"UpdateTracker","methodName":"InitializeModule","loadTypes":0,"isUnityClass":false},{"assemblyName":"Cinemachine","nameSpace":"Cinemachine","className":"CinemachineImpulseManager","methodName":"InitializeModule","loadTypes":0,"isUnityClass":false},{"assemblyName":"Coffee.UIParticle","nameSpace":"Coffee.UIExtensions","className":"UIParticleUpdater","methodName":"InitializeOnLoad","loadTypes":1,"isUnityClass":false},{"assemblyName":"Elympics","nameSpace":"Elympics","className":"ResolverRegistrator","methodName":"Initialize","loadTypes":1,"isUnityClass":false},{"assemblyName":"Elympics","nameSpace":"Elympics","className":"ErrorLogForwarder","methodName":"Initialize","loadTypes":2,"isUnityClass":false},{"assemblyName":"Elympics","nameSpace":"Elympics","className":"ElympicsLogger","methodName":"Initialize","loadTypes":2,"isUnityClass":false},{"assemblyName":"spine-unity","nameSpace":"Spine.Unity.AttachmentTools","className":"AtlasUtilities","methodName":"Init","loadTypes":4,"isUnityClass":false},{"assemblyName":"UniTask","nameSpace":"Cysharp.Threading.Tasks","className":"PlayerLoopHelper","methodName":"Init","loadTypes":1,"isUnityClass":false},{"assemblyName":"Unity.VisualScripting.Core","nameSpace":"Unity.VisualScripting","className":"RuntimeVSUsageUtility","methodName":"RuntimeInitializeOnLoadBeforeSceneLoad","loadTypes":1,"isUnityClass":true}]}
